lane_id,lane_volume,avg_actual_rate,avg_predicted_rate,avg_distance_km,avg_data_quality,recommended_rate,cost_saving_opportunity
Bangalore_Chennai_flatbed_next day,1,1800.0,1248.781453331866,350.0,50.0,1248.781453331866,551.218546668134
Chennai_Mumbai_full truck load_standard,1,1200.0,1622.3102681563994,350.0,40.0,1622.3102681563994,-422.3102681563994
Delhi_Jaipur_ftl_exp,1,3500.0,1832.594544026341,500.0,50.0,1832.594544026341,1667.405455973659
Hyderabad_Ahmedabad_reefer_urgent,1,2500.0,1665.4136975948536,800.0,50.0,1665.4136975948536,834.5863024051464
Kolkata_Patna_dry van_economy,1,200.0,2019.8598957516144,600.0,50.0,2019.8598957516144,-1819.8598957516144
Mumbai_Pune_ltl_premium,1,15000.0,1844.292384892941,200.0,50.0,1844.292384892941,13155.70761510706
Noida_Gurgaon_low boy_same-day,1,4000.0,1568.261764189514,450.0,40.0,1568.261764189514,2431.738235810486
